{"cameraMode":{"drawMode":0,"name":"Shaded","section":"Shading Mode"},"sceneLighting":false,"audioPlay":false,"sceneViewState":{"m_AlwaysRefresh":false,"showFog":false,"showSkybox":false,"showFlares":false,"showImageEffects":false,"showParticleSystems":false,"showVisualEffectGraphs":true,"m_FxEnabled":true},"in2DMode":false,"pivot":{"x":0.0013754963874816895,"y":2.0318350791931154,"z":0.08719205856323242},"rotation":{"x":0.014704059809446335,"y":0.9590802788734436,"z":-0.27818724513053896,"w":0.05068769305944443},"size":3.5794756412506105,"orthographic":false}