{"cameraMode":{"drawMode":0,"name":"Shaded","section":"Shading Mode"},"sceneLighting":false,"audioPlay":false,"sceneViewState":{"m_AlwaysRefresh":false,"showFog":false,"showSkybox":false,"showFlares":false,"showImageEffects":false,"showParticleSystems":false,"showVisualEffectGraphs":true,"m_FxEnabled":true},"in2DMode":false,"pivot":{"x":-0.06988942623138428,"y":3.412487745285034,"z":0.1020931601524353},"rotation":{"x":0.005803970154374838,"y":-0.9813936352729797,"z":0.189565509557724,"w":0.030046626925468446},"size":0.48151499032974245,"orthographic":false}